Match_ID,Start_Time,Win,Hero_ID,Account_ID,Position
4309551808,2019-01-02 15:57:25,False,27,113331514,pos5
4309656714,2019-01-02 16:56:39,False,50,113331514,pos5
4409501567,2019-02-10 15:59:17,True,111,113331514,pos5
4409653984,2019-02-10 16:46:52,True,90,113331514,pos5
4409798296,2019-02-10 17:54:24,False,85,113331514,pos5
4409932004,2019-02-10 18:48:15,False,90,113331514,pos5
4415187071,2019-02-12 13:10:43,True,64,113331514,pos5
4419296312,2019-02-13 18:39:52,False,79,113331514,pos5
4469316636,2019-02-27 13:00:46,True,79,113331514,pos5
4469766006,2019-02-27 14:07:55,False,18,113331514,pos5
4470117007,2019-02-27 15:08:07,True,121,113331514,pos5
4474760364,2019-02-28 19:41:15,True,111,113331514,pos5
4474867722,2019-02-28 20:36:43,True,66,113331514,pos5
4476818719,2019-03-01 11:59:28,False,111,113331514,pos5
4477280686,2019-03-01 13:05:28,True,79,113331514,pos5
4477680119,2019-03-01 14:13:05,False,121,113331514,pos5
4478135812,2019-03-01 15:21:42,True,3,113331514,pos5
4478454956,2019-03-01 16:24:40,False,66,113331514,pos5
4512581908,2019-03-09 19:41:52,True,18,113331514,pos5
4512651612,2019-03-09 20:16:44,True,66,113331514,pos5
4517021092,2019-03-10 19:31:04,True,79,113331514,pos5
4517100349,2019-03-10 20:16:45,True,52,113331514,pos5
4520500677,2019-03-11 16:02:34,True,111,113331514,pos5
4520672071,2019-03-11 16:58:03,True,18,113331514,pos5
4520985354,2019-03-11 19:31:10,True,111,113331514,pos5
4521089802,2019-03-11 20:35:00,True,111,113331514,pos5
4524089923,2019-03-12 16:00:24,True,52,113331514,pos5
4524271293,2019-03-12 17:03:23,False,30,113331514,pos5
4527954611,2019-03-13 17:19:41,False,3,113331514,pos5
4528108515,2019-03-13 18:31:02,True,111,113331514,pos5
4528219899,2019-03-13 19:28:36,True,111,113331514,pos5
4528311724,2019-03-13 20:23:11,False,26,113331514,pos5
4528418911,2019-03-13 21:42:40,False,111,113331514,pos5
4535507903,2019-03-15 19:32:34,False,79,113331514,pos5
4535611741,2019-03-15 20:27:49,False,102,113331514,pos5
4665454547,2019-04-18 14:05:41,False,26,113331514,pos5
4665778425,2019-04-18 15:00:58,False,52,113331514,pos5
4669132264,2019-04-19 15:02:19,False,20,113331514,pos5
4669395908,2019-04-19 16:13:20,True,3,113331514,pos5
4669603439,2019-04-19 17:27:53,True,68,113331514,pos5
4671954601,2019-04-20 11:16:58,False,111,113331514,pos5
4672163335,2019-04-20 12:10:55,True,111,113331514,pos5
4672397274,2019-04-20 12:59:49,False,111,113331514,pos5
4673597507,2019-04-20 18:03:09,True,87,113331514,pos5
4673774862,2019-04-20 19:24:12,True,20,113331514,pos5
4673883476,2019-04-20 20:25:34,True,68,113331514,pos5
4676357517,2019-04-21 13:02:51,True,114,302214028,pos3
4676698172,2019-04-21 14:24:03,True,19,302214028,pos3
4676974694,2019-04-21 15:40:15,True,7,302214028,pos3
4677148634,2019-04-21 16:43:18,True,55,302214028,pos3
4782252017,2019-05-25 10:32:27,True,112,113331514,pos5
4782430980,2019-05-25 11:34:20,False,121,113331514,pos5
4782681303,2019-05-25 12:46:10,False,87,113331514,pos5
4785517699,2019-05-26 09:59:04,True,3,113331514,pos5
4785681012,2019-05-26 10:58:23,True,26,113331514,pos5
4786527765,2019-05-26 14:58:24,False,112,113331514,pos5
4786728108,2019-05-26 16:06:47,True,102,113331514,pos5
4786857800,2019-05-26 16:59:35,True,26,113331514,pos5
4788743982,2019-05-27 12:03:09,False,102,113331514,pos5
4788952881,2019-05-27 13:06:43,False,26,113331514,pos5
4789174024,2019-05-27 14:08:16,False,3,113331514,pos5
4951471570,2019-08-06 18:05:32,True,79,113331514,pos5
4951544091,2019-08-06 18:59:36,True,37,113331514,pos5
4953116270,2019-08-07 15:21:03,False,68,113331514,pos5
4953272773,2019-08-07 16:48:00,False,111,113331514,pos5
4953383111,2019-08-07 18:02:30,False,79,113331514,pos5
4953456375,2019-08-07 18:56:30,False,121,113331514,pos5
4955008899,2019-08-08 15:04:37,False,64,113331514,pos5
4955145384,2019-08-08 16:15:13,False,68,113331514,pos5
4955309755,2019-08-08 18:03:25,True,3,113331514,pos5
4955382094,2019-08-08 18:58:30,False,84,113331514,pos5
4955463721,2019-08-08 20:16:27,True,30,113331514,pos5
4957267731,2019-08-09 18:10:22,False,52,113331514,pos5
4957353371,2019-08-09 19:12:20,False,64,113331514,pos5
4959121040,2019-08-10 15:05:34,False,84,113331514,pos5
4959264121,2019-08-10 16:09:54,True,37,113331514,pos5
4959361863,2019-08-10 17:00:49,False,75,113331514,pos5
4959480192,2019-08-10 18:12:26,False,27,113331514,pos5
4959572973,2019-08-10 19:16:04,False,68,113331514,pos5
4961350275,2019-08-11 15:07:47,False,5,113331514,pos5
4961474477,2019-08-11 16:10:41,False,121,113331514,pos5
5013127158,2019-09-08 17:33:40,True,64,113331514,pos5
5013211076,2019-09-08 18:37:36,True,102,113331514,pos5
5033967054,2019-09-21 17:01:55,False,84,113331514,pos5
5035993567,2019-09-22 17:58:46,True,87,113331514,pos5
5036073495,2019-09-22 19:09:41,True,31,113331514,pos5
5036154713,2019-09-22 20:23:14,True,112,113331514,pos5
5039803916,2019-09-25 10:39:27,True,68,113331514,pos5
5039922110,2019-09-25 12:06:13,False,85,113331514,pos5
5040017840,2019-09-25 13:04:59,True,85,113331514,pos5
5076561516,2019-10-19 16:20:03,False,84,113331514,pos5
5078278030,2019-10-20 16:13:30,True,31,113331514,pos5
5078359450,2019-10-20 17:16:53,True,31,113331514,pos5
5096599544,2019-11-02 17:24:53,False,31,113331514,pos5
5096686571,2019-11-02 18:33:11,False,31,113331514,pos5
5112427034,2019-11-14 11:59:37,True,84,113331514,pos5
5112498830,2019-11-14 12:54:27,True,31,113331514,pos5
5113464689,2019-11-15 09:24:45,False,84,113331514,pos5
5113544537,2019-11-15 10:29:47,False,64,113331514,pos5
5113639183,2019-11-15 11:57:16,False,64,113331514,pos5
5113727516,2019-11-15 12:59:42,True,66,113331514,pos5
5113795839,2019-11-15 13:49:22,True,31,113331514,pos5
5131791428,2019-11-28 11:00:18,False,20,113331514,pos5
5131903022,2019-11-28 12:14:49,False,121,113331514,pos5
5133273396,2019-11-29 11:59:58,False,31,113331514,pos5
5133406502,2019-11-29 13:14:57,True,90,113331514,pos5
5133497892,2019-11-29 14:10:42,True,90,113331514,pos5
5133679312,2019-11-29 15:55:56,True,84,113331514,pos5
5133768545,2019-11-29 16:52:30,False,20,113331514,pos5
5133837770,2019-11-29 17:52:14,True,84,113331514,pos5
5134937978,2019-11-30 11:55:17,False,84,113331514,pos5
5135062082,2019-11-30 12:56:00,False,84,113331514,pos5
5135182423,2019-11-30 14:02:26,False,90,113331514,pos5
5165069691,2019-12-22 13:46:32,True,10,321580662,pos1
5165159535,2019-12-22 14:42:08,True,12,321580662,pos1
5165266272,2019-12-22 15:56:01,False,94,321580662,pos1
5165341366,2019-12-22 16:56:22,False,59,321580662,pos1
5182006054,2020-01-03 16:55:16,False,87,113331514,pos5
5182075768,2020-01-03 17:53:01,False,112,113331514,pos5
5215130150,2020-01-28 12:12:25,True,58,113331514,pos5
5215230102,2020-01-28 13:17:21,False,68,113331514,pos5
5215341166,2020-01-28 14:28:33,True,19,113331514,pos5
5216594187,2020-01-29 12:02:53,True,71,113331514,pos5
5216711406,2020-01-29 13:16:29,True,103,113331514,pos5
5219907669,2020-01-31 15:02:17,True,71,113331514,pos5
5220011575,2020-01-31 16:08:03,False,64,113331514,pos5
5220116465,2020-01-31 17:22:17,True,31,113331514,pos5
5221895529,2020-02-01 18:18:07,False,128,113331514,pos5
5221980235,2020-02-01 19:27:40,True,31,113331514,pos5
5222105381,2020-02-01 21:22:29,True,87,113331514,pos5
5227953578,2020-02-05 14:04:44,False,31,113331514,pos5
5228068389,2020-02-05 15:15:11,False,128,113331514,pos5
5244350251,2020-02-15 15:53:08,True,107,113331514,pos5
5244428635,2020-02-15 16:40:10,False,20,113331514,pos5
5244527639,2020-02-15 17:45:47,True,128,113331514,pos5
5252070084,2020-02-20 14:08:57,True,30,113331514,pos5
5252181467,2020-02-20 15:15:14,True,65,113331514,pos5
5252452685,2020-02-20 18:22:25,False,129,302214028,pos3
5252520440,2020-02-20 19:27:25,True,129,302214028,pos3
5252572342,2020-02-20 20:22:36,False,2,302214028,pos3
5253697655,2020-02-21 14:02:34,True,111,113331514,pos5
5253807817,2020-02-21 14:57:35,True,58,113331514,pos5
5262798362,2020-02-26 16:43:04,True,68,113331514,pos5
5262896910,2020-02-26 17:51:17,False,68,113331514,pos5
5263000711,2020-02-26 19:27:18,True,87,113331514,pos5
5267819728,2020-02-29 16:26:31,False,87,113331514,pos5
5267954575,2020-02-29 17:43:00,True,86,113331514,pos5
5268038033,2020-02-29 18:40:55,True,86,113331514,pos5
5268131911,2020-02-29 19:54:45,True,68,113331514,pos5
5284977580,2020-03-10 12:04:20,True,87,113331514,pos5
5285140879,2020-03-10 13:27:34,False,87,113331514,pos5
5285257521,2020-03-10 14:31:51,True,87,113331514,pos5
5288204616,2020-03-12 12:08:11,True,87,113331514,pos5
5288328250,2020-03-12 13:08:14,True,68,113331514,pos5
5309304557,2020-03-23 12:17:19,True,51,302214028,pos3
5309425700,2020-03-23 13:17:24,False,129,302214028,pos3
5309545094,2020-03-23 14:13:42,False,2,302214028,pos3
5316767673,2020-03-27 11:03:25,True,87,113331514,pos5
5316952112,2020-03-27 12:41:22,True,87,113331514,pos5
5317390865,2020-03-27 16:09:14,False,27,113331514,pos5
5317509387,2020-03-27 17:10:41,False,126,113331514,pos5
5319336325,2020-03-28 14:18:26,False,128,113331514,pos5
5319506148,2020-03-28 15:30:03,False,88,113331514,pos5
5333812210,2020-04-04 14:20:49,True,87,113331514,pos5
5333955186,2020-04-04 15:27:54,False,20,113331514,pos5
5334102819,2020-04-04 16:44:00,False,87,113331514,pos5
5336250798,2020-04-05 15:09:13,True,52,302214028,pos3
5336366800,2020-04-05 15:58:15,True,63,302214028,pos3
5336501931,2020-04-05 17:00:15,True,53,302214028,pos3
5336650591,2020-04-05 18:17:37,True,129,302214028,pos3
5336737923,2020-04-05 19:07:24,True,52,302214028,pos3
5336859376,2020-04-05 20:24:27,True,120,302214028,pos3
5336939713,2020-04-05 21:24:12,False,52,302214028,pos3
5336990725,2020-04-05 22:08:38,False,126,302214028,pos3
5337727789,2020-04-06 09:00:17,True,68,113331514,pos5
5337846591,2020-04-06 10:12:17,True,87,113331514,pos5
5341675670,2020-04-08 09:02:12,True,43,113331514,pos5
5341774062,2020-04-08 10:09:06,False,112,113331514,pos5
5341861879,2020-04-08 11:06:44,False,31,113331514,pos5
5342002907,2020-04-08 12:03:52,False,2,302214028,pos3
5342140113,2020-04-08 13:09:04,False,96,302214028,pos3
5344081123,2020-04-09 12:03:21,True,120,302214028,pos3
5344216906,2020-04-09 13:08:03,True,129,302214028,pos3
5346229920,2020-04-10 12:34:07,False,7,302214028,pos3
5346336687,2020-04-10 13:08:12,False,52,302214028,pos3
5346454846,2020-04-10 13:56:14,True,112,113331514,pos5
5346623894,2020-04-10 15:01:43,False,90,113331514,pos5
5346638285,2020-04-10 15:07:28,True,51,302214028,pos3
5346804264,2020-04-10 16:17:29,True,51,302214028,pos3
5346830064,2020-04-10 16:29:01,True,111,113331514,pos5
5346919142,2020-04-10 17:10:35,True,51,302214028,pos3
5347045063,2020-04-10 18:13:42,True,51,302214028,pos3
5349320917,2020-04-11 17:19:40,True,120,302214028,pos3
5350965128,2020-04-12 12:02:33,False,65,113331514,pos5
5351122681,2020-04-12 13:07:09,False,111,113331514,pos5
5355139927,2020-04-14 12:00:59,True,51,302214028,pos3
5355237823,2020-04-14 12:48:18,True,96,302214028,pos3
5355508135,2020-04-14 14:51:59,False,126,113331514,pos5
5355661463,2020-04-14 15:54:24,False,87,113331514,pos5
5358892944,2020-04-16 08:15:28,True,2,302214028,pos3
5358946692,2020-04-16 08:56:29,False,129,302214028,pos3
5359011809,2020-04-16 09:44:30,False,129,302214028,pos3
5359637778,2020-04-16 15:04:21,True,79,113331514,pos5
5359775851,2020-04-16 16:11:39,True,87,113331514,pos5
5361699059,2020-04-17 15:05:37,True,54,321580662,pos1
5361861741,2020-04-17 16:15:45,True,44,321580662,pos1
5361943068,2020-04-17 16:54:04,True,106,321580662,pos1
5362191375,2020-04-17 19:05:27,False,70,321580662,pos1
5366075574,2020-04-19 13:08:13,True,86,113331514,pos5
5366237742,2020-04-19 14:14:47,False,107,113331514,pos5
5366396986,2020-04-19 15:22:30,True,86,113331514,pos5
5368391037,2020-04-20 15:06:02,False,86,113331514,pos5
5368538511,2020-04-20 16:16:02,True,79,113331514,pos5
5368658004,2020-04-20 17:21:04,True,63,113331514,pos5
5374117935,2020-04-23 13:59:48,True,121,113331514,pos5
5374263124,2020-04-23 15:01:18,True,20,113331514,pos5
5377899567,2020-04-25 11:01:52,True,126,113331514,pos5
5378019067,2020-04-25 12:09:00,True,43,113331514,pos5
5378436538,2020-04-25 15:07:20,False,44,321580662,pos1
5378588435,2020-04-25 16:17:04,False,41,321580662,pos1
5380676320,2020-04-26 15:52:42,True,62,321580662,pos1
5380863535,2020-04-26 17:32:03,True,41,321580662,pos1
5381014155,2020-04-26 19:01:44,True,62,321580662,pos1
5381117828,2020-04-26 20:09:24,True,62,321580662,pos1
5381199866,2020-04-26 21:09:34,True,53,321580662,pos1
5381258965,2020-04-26 22:00:13,True,44,321580662,pos1
5382062972,2020-04-27 10:55:04,True,41,321580662,pos1
5382690577,2020-04-27 16:11:20,True,17,321580662,pos1
5382789181,2020-04-27 17:01:18,True,36,321580662,pos1
5384576866,2020-04-28 15:43:48,True,10,321580662,pos1
5384683549,2020-04-28 16:43:17,True,53,321580662,pos1
5386270532,2020-04-29 14:31:44,True,84,113331514,pos5
5386416870,2020-04-29 15:41:13,False,103,113331514,pos5
5386535570,2020-04-29 16:43:17,True,87,113331514,pos5
5388517136,2020-04-30 17:36:22,True,52,302214028,pos3
5388585777,2020-04-30 18:15:22,True,120,302214028,pos3
5389817459,2020-05-01 11:03:06,True,87,113331514,pos5
5389915157,2020-05-01 11:57:32,True,56,113331514,pos5
5391893095,2020-05-02 10:58:25,True,111,113331514,pos5
5391964000,2020-05-02 11:31:34,True,2,302214028,pos3
5392010291,2020-05-02 12:02:03,False,111,113331514,pos5
5392074573,2020-05-02 12:34:38,True,52,302214028,pos3
5392118014,2020-05-02 12:57:31,False,20,113331514,pos5
5392681951,2020-05-02 17:24:00,False,129,302214028,pos3
5392775547,2020-05-02 18:13:53,False,2,302214028,pos3
5396632616,2020-05-04 15:45:36,True,84,113331514,pos5
5396780792,2020-05-04 17:02:35,False,84,113331514,pos5
5396903693,2020-05-04 18:18:12,True,87,113331514,pos5
5398203406,2020-05-05 12:23:31,False,120,302214028,pos3
5398329043,2020-05-05 13:25:06,True,51,302214028,pos3
5398446135,2020-05-05 14:23:13,True,1,321580662,pos1
5398885280,2020-05-05 18:30:40,False,41,321580662,pos1
5398964194,2020-05-05 19:23:37,True,10,321580662,pos1
5399053487,2020-05-05 20:28:56,False,56,321580662,pos1
5399998659,2020-05-06 12:03:58,True,62,321580662,pos1
5400065869,2020-05-06 12:41:17,True,56,321580662,pos1
5400247126,2020-05-06 14:13:03,True,114,321580662,pos1
5400372357,2020-05-06 15:14:28,True,10,321580662,pos1
5402307867,2020-05-07 16:06:26,False,62,302214028,pos3
5402390929,2020-05-07 16:54:58,True,2,302214028,pos3
5402488204,2020-05-07 17:57:09,False,2,302214028,pos3
5403556371,2020-05-08 11:00:52,False,87,113331514,pos5
5403639282,2020-05-08 11:55:52,False,87,113331514,pos5
5405448379,2020-05-09 11:04:05,False,90,113331514,pos5
5405573632,2020-05-09 12:23:45,False,87,113331514,pos5
5406191139,2020-05-09 17:28:11,False,2,302214028,pos3
5409615488,2020-05-11 13:37:28,False,56,321580662,pos1
5412692715,2020-05-13 09:05:39,False,111,113331514,pos5
5412763365,2020-05-13 09:59:55,False,111,113331514,pos5
5412838623,2020-05-13 10:58:58,False,44,321580662,pos1
5414455661,2020-05-14 09:02:10,False,87,113331514,pos5
5414547151,2020-05-14 10:11:34,False,3,113331514,pos5
5424106476,2020-05-19 08:58:39,False,30,113331514,pos5
5424228193,2020-05-19 10:42:36,False,84,113331514,pos5
5424420705,2020-05-19 13:07:39,True,30,113331514,pos5
5424549651,2020-05-19 14:13:55,True,90,113331514,pos5
5425947177,2020-05-20 12:13:32,True,121,113331514,pos5
5426045086,2020-05-20 13:11:52,False,121,113331514,pos5
5426177850,2020-05-20 14:32:20,False,126,113331514,pos5
5427614760,2020-05-21 13:02:28,True,30,113331514,pos5
5427749003,2020-05-21 14:22:00,True,56,113331514,pos5
5429618098,2020-05-22 16:54:07,False,111,113331514,pos5
5429732880,2020-05-22 18:11:01,True,121,113331514,pos5
5429803685,2020-05-22 19:08:56,False,110,113331514,pos5
5433042042,2020-05-24 14:05:06,True,111,113331514,pos5
5433172390,2020-05-24 15:10:01,True,111,113331514,pos5
5434992874,2020-05-25 16:04:04,False,111,113331514,pos5
5435108338,2020-05-25 17:11:17,False,30,113331514,pos5
5436867813,2020-05-26 16:37:18,False,64,113331514,pos5
5436965865,2020-05-26 17:42:01,False,121,113331514,pos5
5438717761,2020-05-27 16:54:39,True,121,113331514,pos5
5438836108,2020-05-27 18:08:42,False,86,113331514,pos5
5438941337,2020-05-27 19:22:52,True,111,113331514,pos5
5440675604,2020-05-28 17:53:26,False,90,113331514,pos5
5440795891,2020-05-28 19:00:43,True,111,113331514,pos5
5440874841,2020-05-28 20:07:32,True,30,113331514,pos5
5442154357,2020-05-29 14:05:41,False,111,113331514,pos5
5442295638,2020-05-29 15:10:23,False,3,113331514,pos5
5444055728,2020-05-30 13:00:25,False,111,113331514,pos5
5444228661,2020-05-30 14:23:41,False,121,113331514,pos5
5446860850,2020-05-31 17:41:07,True,86,113331514,pos5
5446939580,2020-05-31 18:31:51,True,111,113331514,pos5
5450379602,2020-06-02 16:24:30,False,111,113331514,pos5
5450485396,2020-06-02 17:32:48,True,121,113331514,pos5
5450581495,2020-06-02 18:42:11,False,30,113331514,pos5
5451933022,2020-06-03 14:54:53,False,90,113331514,pos5
5452063088,2020-06-03 16:08:07,False,30,113331514,pos5
5453405176,2020-06-04 13:00:22,True,121,113331514,pos5
5453510845,2020-06-04 13:56:23,False,121,113331514,pos5
5453652633,2020-06-04 15:11:00,False,58,113331514,pos5
5453805263,2020-06-04 16:41:33,True,30,113331514,pos5
5453918445,2020-06-04 17:59:17,True,87,113331514,pos5
5468365860,2020-06-13 09:06:27,True,93,321580662,pos1
5468414134,2020-06-13 09:43:27,True,41,321580662,pos1
5468518009,2020-06-13 11:02:42,False,32,321580662,pos1
5468618535,2020-06-13 12:12:11,True,93,321580662,pos1
5468723479,2020-06-13 13:16:06,True,70,321580662,pos1
5468880346,2020-06-13 14:41:44,False,65,321580662,pos1
5471885191,2020-06-15 09:06:15,True,53,321580662,pos1
5472025836,2020-06-15 11:12:01,True,70,321580662,pos1
5472146659,2020-06-15 12:38:26,True,41,321580662,pos1
5472502450,2020-06-15 16:17:02,True,93,321580662,pos1
5472574209,2020-06-15 17:09:31,False,53,321580662,pos1
5472649528,2020-06-15 18:11:01,True,48,321580662,pos1
5473424942,2020-06-16 09:10:20,False,10,321580662,pos1
5473501224,2020-06-16 10:21:22,True,93,321580662,pos1
5473559065,2020-06-16 11:10:04,True,48,321580662,pos1
5473657306,2020-06-16 12:21:19,False,10,321580662,pos1
5497090109,2020-07-03 11:04:26,False,79,113331514,pos5
5497165961,2020-07-03 12:12:51,True,84,113331514,pos5
5497282127,2020-07-03 13:38:16,False,121,113331514,pos5
5498755870,2020-07-04 13:07:00,True,37,113331514,pos5
5498848534,2020-07-04 14:16:10,False,84,113331514,pos5
5498976483,2020-07-04 15:31:14,True,3,113331514,pos5
5499090380,2020-07-04 16:50:58,False,87,113331514,pos5
5499170278,2020-07-04 17:59:07,False,121,113331514,pos5
5539294394,2020-07-27 18:58:00,False,53,302214028,pos3
5539369805,2020-07-27 19:55:38,True,16,302214028,pos3
5547094064,2020-08-01 13:48:58,True,40,113331514,pos5
5547201944,2020-08-01 14:47:15,True,68,113331514,pos5
5547266641,2020-08-01 15:19:53,True,41,321580662,pos1
5547354637,2020-08-01 16:09:41,True,69,302214028,pos3
5547447870,2020-08-01 17:09:52,True,1,321580662,pos1
5547542465,2020-08-01 18:16:47,True,109,321580662,pos1
5549296900,2020-08-02 17:07:49,False,41,321580662,pos1
5549382057,2020-08-02 18:08:17,True,109,321580662,pos1
5550925622,2020-08-03 17:32:22,False,38,302214028,pos3
5550991633,2020-08-03 18:20:16,True,38,302214028,pos3
5553803068,2020-08-05 15:10:42,False,87,113331514,pos5
5553939531,2020-08-05 16:37:22,True,84,113331514,pos5
5554040709,2020-08-05 17:55:52,True,64,113331514,pos5
5555111958,2020-08-06 13:16:30,True,55,302214028,pos3
5555216450,2020-08-06 14:17:00,False,38,302214028,pos3
5560297497,2020-08-09 15:55:45,True,64,113331514,pos5
5560398029,2020-08-09 17:03:26,True,87,113331514,pos5
5560519659,2020-08-09 18:44:35,False,83,113331514,pos5
5560614543,2020-08-09 20:00:19,False,87,113331514,pos5
5562883984,2020-08-11 11:00:49,True,37,113331514,pos5
5562972987,2020-08-11 12:09:37,True,3,113331514,pos5
5564717841,2020-08-12 14:44:12,True,40,113331514,pos5
5564838141,2020-08-12 16:02:45,True,30,113331514,pos5
5572478406,2020-08-17 15:03:54,True,98,302214028,pos3
5572582452,2020-08-17 16:13:25,True,38,302214028,pos3
5572719804,2020-08-17 18:08:45,False,58,113331514,pos5
5572813354,2020-08-17 19:27:36,True,87,113331514,pos5
5572883382,2020-08-17 20:32:17,False,86,113331514,pos5
5575082863,2020-08-19 12:01:42,False,32,321580662,pos1
5575197423,2020-08-19 13:21:06,False,109,321580662,pos1
5584435529,2020-08-25 14:19:14,True,37,113331514,pos5
5584533934,2020-08-25 15:23:07,True,85,113331514,pos5
5586220219,2020-08-26 17:57:18,True,87,113331514,pos5
5586279505,2020-08-26 18:54:14,True,120,113331514,pos5
5586298502,2020-08-26 19:05:05,True,111,113331514,pos5
5594185556,2020-08-31 17:23:17,False,126,113331514,pos5
5594267556,2020-08-31 18:33:54,False,58,113331514,pos5
5595328554,2020-09-01 13:49:07,True,37,113331514,pos5
5595441356,2020-09-01 14:57:36,False,51,113331514,pos5
5595550391,2020-09-01 16:08:07,False,51,113331514,pos5
5623280716,2020-09-20 14:35:14,True,44,321580662,pos1
5623410051,2020-09-20 15:48:40,True,67,321580662,pos1
5623498490,2020-09-20 16:50:16,True,1,321580662,pos1
5630463175,2020-09-25 19:04:01,True,1,321580662,pos1
5630524303,2020-09-25 19:54:07,True,129,302214028,pos3
5631926800,2020-09-26 18:00:35,False,129,302214028,pos3
5632030755,2020-09-26 19:11:59,False,2,302214028,pos3
5632707151,2020-09-27 09:01:06,True,41,321580662,pos1
5632797459,2020-09-27 10:17:07,False,58,113331514,pos5
5632861675,2020-09-27 11:18:40,True,4,302214028,pos3
5633464554,2020-09-27 18:03:10,True,109,321580662,pos1
5633566646,2020-09-27 19:29:56,True,111,113331514,pos5
5647080796,2020-10-07 14:32:03,True,41,321580662,pos1
5647216127,2020-10-07 15:58:02,True,58,113331514,pos5
5651445432,2020-10-10 17:11:03,False,58,113331514,pos5
5651527300,2020-10-10 18:05:09,False,58,113331514,pos5
5656647296,2020-10-14 15:39:34,False,30,113331514,pos5
5656734434,2020-10-14 16:48:35,True,87,113331514,pos5
5656805674,2020-10-14 17:54:02,True,87,113331514,pos5
5660786161,2020-10-17 16:37:02,False,129,302214028,pos3
5660907239,2020-10-17 17:49:37,False,41,321580662,pos1
5664882954,2020-10-20 15:37:01,True,87,113331514,pos5
5664987638,2020-10-20 16:44:11,False,4,302214028,pos3
5665051622,2020-10-20 17:48:03,False,4,302214028,pos3
5683911308,2020-11-02 16:00:25,False,67,321580662,pos1
5684028311,2020-11-02 17:12:06,True,2,302214028,pos3
5684126316,2020-11-02 18:34:11,False,111,113331514,pos5
5686807720,2020-11-04 16:00:10,True,102,113331514,pos5
5686914849,2020-11-04 17:07:26,True,129,302214028,pos3
5687010455,2020-11-04 18:32:46,True,67,321580662,pos1
5687100406,2020-11-04 20:00:47,True,106,321580662,pos1
5688281913,2020-11-05 17:16:36,True,67,321580662,pos1
5688377863,2020-11-05 18:17:47,True,58,113331514,pos5
5689752076,2020-11-06 17:41:48,True,129,302214028,pos3
5689836292,2020-11-06 18:46:56,True,6,321580662,pos1
5691205477,2020-11-07 16:04:53,True,87,113331514,pos5
5691300501,2020-11-07 17:06:32,True,84,113331514,pos5
5691501153,2020-11-07 19:45:23,True,129,302214028,pos3
5691576226,2020-11-07 20:48:59,False,1,321580662,pos1
5691624251,2020-11-07 21:44:02,False,81,321580662,pos1
5692319717,2020-11-08 10:15:44,False,25,256156323,pos4
5692380401,2020-11-08 11:01:44,True,25,256156323,pos4
5692460741,2020-11-08 12:00:34,False,19,256156323,pos4
5692948068,2020-11-08 17:15:57,True,87,113331514,pos5
5693037476,2020-11-08 18:23:02,True,6,321580662,pos1
5693878937,2020-11-09 12:03:29,True,74,321580662,pos1
5693900788,2020-11-09 12:18:39,True,109,321580662,pos1
5693971794,2020-11-09 13:08:15,True,126,302214028,pos3
5694422223,2020-11-09 18:43:50,False,6,321580662,pos1
5694474858,2020-11-09 19:40:05,False,41,321580662,pos1
5695290218,2020-11-10 13:00:18,True,129,302214028,pos3
5695400334,2020-11-10 14:15:15,False,58,113331514,pos5
5695510457,2020-11-10 15:30:01,True,41,321580662,pos1
5695631071,2020-11-10 17:05:36,False,108,302214028,pos3
5695744398,2020-11-10 18:41:06,False,58,113331514,pos5
5695818340,2020-11-10 20:03:20,True,129,302214028,pos3
5695915169,2020-11-10 21:40:04,False,28,302214028,pos3
5696528449,2020-11-11 12:02:32,False,20,113331514,pos5
5696644233,2020-11-11 13:25:44,True,18,321580662,pos1
5696776454,2020-11-11 14:54:42,False,58,113331514,pos5
5696881103,2020-11-11 16:11:27,False,87,113331514,pos5
5700414090,2020-11-14 09:00:35,True,81,302214028,pos3
5700482039,2020-11-14 10:04:21,True,6,321580662,pos1
5703412850,2020-11-16 09:09:55,True,111,113331514,pos5
5703468816,2020-11-16 10:17:32,True,82,302214028,pos3
5703476460,2020-11-16 10:25:15,True,87,113331514,pos5
5704719070,2020-11-17 09:02:13,True,41,321580662,pos1
5704766981,2020-11-17 09:59:26,True,53,302214028,pos3
5706374725,2020-11-18 15:03:04,False,112,113331514,pos5
5706455752,2020-11-18 16:06:36,True,58,113331514,pos5
5706508568,2020-11-18 16:55:51,True,129,302214028,pos3
5714534506,2020-11-24 12:00:07,True,96,302214028,pos3
5714632836,2020-11-24 13:02:14,True,12,321580662,pos1
5716016461,2020-11-25 12:01:32,True,65,302214028,pos3
5716103769,2020-11-25 13:03:05,True,96,302214028,pos3
5723059693,2020-11-30 09:00:25,True,54,321580662,pos1
5723116164,2020-11-30 10:02:14,True,57,113331514,pos5
5724504866,2020-12-01 11:31:29,False,87,113331514,pos5
5724577339,2020-12-01 12:34:43,True,58,113331514,pos5
5724657598,2020-12-01 13:32:31,False,129,302214028,pos3
5733311755,2020-12-07 19:00:08,True,87,113331514,pos5
5733374257,2020-12-07 20:00:53,True,58,113331514,pos5
5734616845,2020-12-08 19:00:36,False,68,113331514,pos5
5734670217,2020-12-08 20:00:06,False,58,113331514,pos5
5740976906,2020-12-13 14:56:36,False,19,256156323,pos4
5741066354,2020-12-13 15:49:05,False,19,256156323,pos4
5744643086,2020-12-16 13:59:33,False,19,256156323,pos4
5744739583,2020-12-16 15:07:09,False,88,256156323,pos4
5746175347,2020-12-17 18:00:19,False,86,256156323,pos4
5746228534,2020-12-17 18:50:18,True,86,256156323,pos4
5746299900,2020-12-17 20:06:40,False,19,256156323,pos4
5749037078,2020-12-19 16:58:09,False,44,321580662,pos1
5749141470,2020-12-19 18:03:26,True,111,113331514,pos5
5749234907,2020-12-19 19:18:20,True,70,321580662,pos1
5750707699,2020-12-20 15:59:51,True,30,113331514,pos5
5750807693,2020-12-20 16:59:31,True,109,321580662,pos1
5750892026,2020-12-20 18:03:26,True,70,321580662,pos1
5940129114,2021-04-11 13:55:01,True,70,321580662,pos1
5940316763,2021-04-11 15:17:27,True,8,321580662,pos1
5941689002,2021-04-12 12:04:27,False,126,302214028,pos3
5941839115,2021-04-12 13:27:02,True,29,302214028,pos3
5942003094,2021-04-12 14:47:51,True,121,113331514,pos5
5942402971,2021-04-12 18:54:49,True,96,302214028,pos3
5942484798,2021-04-12 20:05:07,True,12,321580662,pos1
5981602604,2021-05-06 14:05:33,True,88,256156323,pos4
5981695119,2021-05-06 14:59:28,False,9,256156323,pos4
5981781661,2021-05-06 15:53:37,False,104,302214028,pos3
5982755965,2021-05-07 10:03:46,False,79,256156323,pos4
5982831921,2021-05-07 11:12:04,True,102,113331514,pos5
5982906560,2021-05-07 12:09:27,True,29,302214028,pos3
5989448003,2021-05-11 14:49:22,True,2,302214028,pos3
5989556583,2021-05-11 15:58:42,True,129,302214028,pos3
5990690956,2021-05-12 13:03:42,True,104,302214028,pos3
5990790517,2021-05-12 14:05:47,True,96,302214028,pos3
5993602874,2021-05-14 12:59:05,True,100,113331514,pos5
5993707971,2021-05-14 14:00:55,True,2,302214028,pos3
5998535155,2021-05-17 13:00:09,True,41,321580662,pos1
5998632658,2021-05-17 13:58:25,True,83,113331514,pos5
6001139487,2021-05-19 10:05:01,True,88,302214028,pos3
6001218699,2021-05-19 11:18:57,True,119,256156323,pos4
6004209289,2021-05-21 13:03:19,True,65,302214028,pos3
6004322727,2021-05-21 14:11:07,True,26,256156323,pos4
6017341467,2021-05-29 18:03:41,False,42,321580662,pos1
6017439584,2021-05-29 19:20:32,False,41,321580662,pos1
6018644513,2021-05-30 13:18:17,True,86,256156323,pos4
6018831940,2021-05-30 14:51:16,False,110,256156323,pos4
6018939054,2021-05-30 15:51:44,True,54,321580662,pos1
6019956492,2021-05-31 10:02:47,True,121,113331514,pos5
6020037333,2021-05-31 11:11:57,True,52,302214028,pos3
6020510148,2021-05-31 16:00:21,True,96,302214028,pos3
6020619865,2021-05-31 17:14:19,False,111,113331514,pos5
6020721562,2021-05-31 18:29:42,True,6,321580662,pos1
6021740557,2021-06-01 12:59:14,False,129,302214028,pos3
6021863942,2021-06-01 14:06:24,True,121,113331514,pos5
6021992480,2021-06-01 15:17:37,False,111,113331514,pos5
6022084177,2021-06-01 16:15:37,True,128,113331514,pos5
6022190810,2021-06-01 17:32:52,True,19,256156323,pos4
6119815192,2021-08-04 12:35:21,True,18,321580662,pos1
6119901330,2021-08-04 13:35:41,True,6,321580662,pos1
6121456750,2021-08-05 15:07:16,False,9,256156323,pos4
6121564216,2021-08-05 16:17:57,True,86,256156323,pos4
6121651009,2021-08-05 17:39:45,False,26,256156323,pos4
6121664243,2021-08-05 17:46:01,True,54,321580662,pos1
6124806275,2021-08-07 17:59:28,True,120,302214028,pos3
6124901372,2021-08-07 19:21:12,True,2,302214028,pos3
6126559805,2021-08-08 18:51:25,False,123,113331514,pos5
6126641848,2021-08-08 20:05:25,True,123,256156323,pos4
6126723290,2021-08-08 21:32:36,True,16,302214028,pos3
6126777883,2021-08-08 22:37:33,True,123,113331514,pos5
6145224414,2021-08-21 10:55:34,True,12,321580662,pos1
6145324743,2021-08-21 12:07:02,True,9,256156323,pos4
6145699338,2021-08-21 15:55:52,False,19,256156323,pos4
6145800049,2021-08-21 16:51:38,False,44,321580662,pos1
6147410481,2021-08-22 16:09:45,False,57,113331514,pos5
6147522882,2021-08-22 17:24:04,False,2,302214028,pos3
6148833675,2021-08-23 16:01:03,True,129,302214028,pos3
6148949678,2021-08-23 17:16:05,True,16,302214028,pos3
6150473355,2021-08-24 18:36:59,True,109,321580662,pos1
6150559260,2021-08-24 19:45:59,True,4,302214028,pos3
6153016177,2021-08-26 14:57:40,True,129,302214028,pos3
6153147424,2021-08-26 16:12:23,True,123,256156323,pos4
6154786603,2021-08-27 18:49:02,False,123,113331514,pos5
6154881115,2021-08-27 20:00:04,True,4,302214028,pos3
6154941567,2021-08-27 21:09:07,False,123,256156323,pos4
6169097127,2021-09-06 13:37:07,False,87,113331514,pos5
6169213827,2021-09-06 14:42:38,True,60,302214028,pos3
6169342597,2021-09-06 16:08:29,False,129,302214028,pos3
6170660632,2021-09-07 16:20:53,False,41,321580662,pos1
6170759302,2021-09-07 17:33:37,True,129,302214028,pos3
6170849397,2021-09-07 18:50:35,True,86,256156323,pos4
6171471249,2021-09-08 10:00:21,True,72,321580662,pos1
6171542154,2021-09-08 11:11:09,True,4,302214028,pos3
6172054123,2021-09-08 17:25:39,True,60,302214028,pos3
6172154984,2021-09-08 18:44:51,True,3,113331514,pos5
6173246264,2021-09-09 16:00:16,True,97,302214028,pos3
6173366796,2021-09-09 17:20:03,True,97,321580662,pos1
6174622195,2021-09-10 16:00:34,True,18,321580662,pos1
6174712950,2021-09-10 17:00:58,False,48,321580662,pos1
6174804811,2021-09-10 18:08:32,False,29,302214028,pos3
6174888284,2021-09-10 19:17:30,False,112,113331514,pos5
6318591809,2021-12-13 14:19:36,True,114,256156323,pos4
6318723406,2021-12-13 15:34:36,True,3,113331514,pos5
6323321587,2021-12-16 11:03:49,True,91,256156323,pos4
6323423190,2021-12-16 11:58:48,False,3,113331514,pos5
6323562222,2021-12-16 13:24:12,True,3,113331514,pos5
6330471200,2021-12-19 19:46:31,True,29,113331514,pos5
6330585349,2021-12-19 20:54:10,False,129,302214028,pos3
6330680165,2021-12-19 22:21:36,True,71,302214028,pos3
6331896376,2021-12-20 16:00:16,True,83,256156323,pos4
6332020917,2021-12-20 17:10:10,False,44,321580662,pos1
6332139754,2021-12-20 18:23:42,False,79,113331514,pos5
6332245360,2021-12-20 19:32:18,False,83,256156323,pos4
6399057720,2022-01-26 18:07:29,True,13,106305042,pos2
6399165257,2022-01-26 19:10:06,False,13,106305042,pos2
6399285719,2022-01-26 20:32:26,False,74,106305042,pos2
6402274472,2022-01-28 15:00:31,False,23,106305042,pos2
6402426752,2022-01-28 16:15:54,False,52,106305042,pos2
6409416133,2022-02-01 15:29:08,True,39,106305042,pos2
6409509848,2022-02-01 16:20:02,False,13,106305042,pos2
6409647293,2022-02-01 17:42:07,True,23,106305042,pos2
6413037125,2022-02-03 18:00:09,True,13,106305042,pos2
6413130789,2022-02-03 18:59:29,True,17,106305042,pos2
6414144876,2022-02-04 11:59:26,True,13,106305042,pos2
6414211450,2022-02-04 12:44:52,False,52,106305042,pos2
6414310028,2022-02-04 13:41:38,True,22,106305042,pos2
6416649440,2022-02-05 18:10:01,True,23,106305042,pos2
6416749960,2022-02-05 19:10:21,True,39,106305042,pos2
6419451646,2022-02-07 10:00:13,True,74,106305042,pos2
6419617007,2022-02-07 12:02:07,True,39,106305042,pos2
6419831262,2022-02-07 14:08:57,False,42,321580662,pos1
6419970145,2022-02-07 15:30:01,True,23,321580662,pos1
6420178047,2022-02-07 17:35:57,False,44,321580662,pos1
6420259051,2022-02-07 18:34:37,False,97,321580662,pos1
6421241305,2022-02-08 12:06:26,False,39,106305042,pos2
6421328138,2022-02-08 12:54:55,True,13,106305042,pos2
6421441374,2022-02-08 13:59:50,False,43,106305042,pos2
6422906939,2022-02-09 12:39:39,True,39,106305042,pos2
6423018017,2022-02-09 13:43:03,True,43,106305042,pos2
6424786791,2022-02-10 15:01:48,False,60,106305042,pos2
6424894033,2022-02-10 16:02:01,False,52,106305042,pos2
6456897964,2022-03-02 10:00:01,False,3,113331514,pos5
6457033692,2022-03-02 12:09:19,True,1,321580662,pos1
6457276195,2022-03-02 14:48:21,False,109,321580662,pos1
6457485817,2022-03-02 17:02:42,True,97,302214028,pos3
6458509516,2022-03-03 13:08:31,True,16,302214028,pos3
6458618044,2022-03-03 14:10:40,True,51,113331514,pos5
6460318836,2022-03-04 17:03:52,True,129,302214028,pos3
6460425761,2022-03-04 18:15:29,False,3,113331514,pos5
6460532417,2022-03-04 19:44:26,True,114,321580662,pos1
6461861986,2022-03-05 15:56:31,False,114,321580662,pos1
6461967168,2022-03-05 17:00:09,False,87,113331514,pos5
6496152085,2022-03-27 11:00:11,False,46,106305042,pos2
6496316522,2022-03-27 12:34:11,True,25,106305042,pos2
6496402751,2022-03-27 13:23:12,True,17,106305042,pos2
6499292224,2022-03-29 11:59:40,True,21,106305042,pos2
6499370958,2022-03-29 12:50:09,True,128,106305042,pos2
6501243545,2022-03-30 17:10:18,True,52,106305042,pos2
6501313241,2022-03-30 18:05:03,True,13,106305042,pos2
6502478934,2022-03-31 14:55:02,False,128,106305042,pos2
6502575591,2022-03-31 15:52:40,False,17,106305042,pos2
6502690954,2022-03-31 17:07:52,False,19,106305042,pos2
6531819899,2022-04-19 12:00:03,True,17,106305042,pos2
6531901525,2022-04-19 12:58:06,True,120,106305042,pos2
6534557105,2022-04-21 12:00:20,True,46,106305042,pos2
6534642279,2022-04-21 13:00:27,True,17,106305042,pos2
6536570831,2022-04-22 18:00:19,True,120,106305042,pos2
6536665989,2022-04-22 19:11:12,False,120,106305042,pos2
6536751963,2022-04-22 20:20:09,True,23,106305042,pos2
6537989666,2022-04-23 15:00:42,True,17,106305042,pos2
6538134648,2022-04-23 16:28:03,False,52,106305042,pos2
6538223991,2022-04-23 17:28:08,False,17,106305042,pos2
6538319627,2022-04-23 18:36:11,True,13,106305042,pos2
6538423024,2022-04-23 19:56:14,True,23,106305042,pos2
6589341629,2022-05-27 15:01:21,True,16,302214028,pos3
6589445322,2022-05-27 16:04:26,True,81,302214028,pos3
6590964274,2022-05-28 15:00:14,True,129,302214028,pos3
6591095641,2022-05-28 16:15:34,True,16,302214028,pos3
6592737468,2022-05-29 15:52:05,False,49,302214028,pos3
6592851238,2022-05-29 17:06:23,True,60,302214028,pos3
6592917776,2022-05-29 17:53:17,False,33,302214028,pos3
6670247439,2022-07-20 15:00:05,True,46,321580662,pos1
6670334916,2022-07-20 15:58:10,True,14,321580662,pos1
6671156174,2022-07-21 08:57:39,False,4,302214028,pos3
6671208811,2022-07-21 10:02:17,False,129,302214028,pos3
6672690521,2022-07-22 12:00:14,True,47,302214028,pos3
6672801882,2022-07-22 13:19:05,True,63,321580662,pos1
6673204572,2022-07-22 18:06:48,True,114,321580662,pos1
6673294013,2022-07-22 19:12:09,False,65,302214028,pos3
6674755794,2022-07-23 17:58:20,True,62,302214028,pos3
6674859295,2022-07-23 19:21:54,False,95,321580662,pos1
6674937284,2022-07-23 20:31:06,True,86,113331514,pos5
6676051545,2022-07-24 14:31:55,False,135,302214028,pos3
6676170462,2022-07-24 15:47:01,True,99,321580662,pos1
6676261920,2022-07-24 16:52:02,True,60,302214028,pos3
6676393091,2022-07-24 18:52:09,False,48,321580662,pos1
6676488286,2022-07-24 19:56:55,False,47,302214028,pos3
6681504344,2022-07-28 12:30:03,True,90,106305042,pos2
6681609201,2022-07-28 13:35:09,True,135,106305042,pos2
6681908786,2022-07-28 17:00:02,False,90,106305042,pos2
6681993524,2022-07-28 18:00:19,True,22,106305042,pos2
6682960303,2022-07-29 12:30:01,False,120,106305042,pos2
6683081104,2022-07-29 13:47:56,True,22,106305042,pos2
6683200761,2022-07-29 15:02:23,True,22,106305042,pos2
6683374759,2022-07-29 17:00:15,False,90,106305042,pos2
6683476196,2022-07-29 18:07:39,True,22,106305042,pos2
6683539811,2022-07-29 19:04:07,True,90,106305042,pos2
6684356794,2022-07-30 10:01:51,False,22,106305042,pos2
6684439995,2022-07-30 11:09:17,True,90,106305042,pos2
6684542759,2022-07-30 12:28:27,True,90,106305042,pos2
6684743071,2022-07-30 14:31:22,False,90,106305042,pos2
6684845075,2022-07-30 15:29:58,False,22,106305042,pos2
6684953757,2022-07-30 16:41:17,False,90,106305042,pos2
6686140674,2022-07-31 12:00:09,True,90,106305042,pos2
6686221228,2022-07-31 12:51:06,True,90,106305042,pos2
6688230252,2022-08-01 17:59:59,True,21,106305042,pos2
6688311075,2022-08-01 19:00:19,True,128,106305042,pos2
6689714557,2022-08-02 18:00:02,True,35,106305042,pos2
6689774062,2022-08-02 18:47:03,False,62,106305042,pos2
6689847635,2022-08-02 19:50:48,False,90,106305042,pos2
6690605642,2022-08-03 12:01:00,False,23,106305042,pos2
6690688580,2022-08-03 13:02:22,True,90,106305042,pos2
6690777541,2022-08-03 13:58:29,True,65,106305042,pos2
6690942734,2022-08-03 15:45:21,True,22,106305042,pos2
6691051486,2022-08-03 17:04:04,False,90,106305042,pos2
6691118167,2022-08-03 17:59:23,False,13,106305042,pos2
6691202311,2022-08-03 19:08:18,True,126,106305042,pos2
6691265282,2022-08-03 20:05:08,True,22,106305042,pos2
6710152340,2022-08-16 15:16:21,True,22,106305042,pos2
6710233414,2022-08-16 16:08:18,True,23,106305042,pos2
6715925423,2022-08-20 12:06:22,True,22,106305042,pos2
6716012005,2022-08-20 12:57:26,True,23,106305042,pos2
6722382330,2022-08-24 15:00:34,True,17,106305042,pos2
6722507594,2022-08-24 16:14:37,True,22,106305042,pos2
6725446445,2022-08-26 15:00:18,False,39,106305042,pos2
6725574009,2022-08-26 16:10:05,True,21,106305042,pos2
6725654495,2022-08-26 17:01:47,True,126,106305042,pos2
6727257036,2022-08-27 15:30:04,True,126,106305042,pos2
6727362274,2022-08-27 16:24:07,False,112,106305042,pos2
6727473376,2022-08-27 17:42:33,False,112,106305042,pos2
6727587114,2022-08-27 18:57:10,True,17,106305042,pos2
6727652487,2022-08-27 19:47:06,True,39,106305042,pos2
6924459659,2022-12-18 11:00:00,True,58,113331514,pos5
6924562739,2022-12-18 11:59:01,True,51,256156323,pos4
6924802250,2022-12-18 14:00:43,True,93,321580662,pos1
6924898906,2022-12-18 14:54:49,True,22,106305042,pos2
6926207769,2022-12-19 13:01:11,False,120,106305042,pos2
6926343374,2022-12-19 14:16:05,True,19,256156323,pos4
6926449572,2022-12-19 15:20:02,True,41,321580662,pos1
6929268783,2022-12-21 13:01:35,True,2,302214028,pos3
6929382484,2022-12-21 14:09:18,False,123,256156323,pos4
6929513835,2022-12-21 15:26:21,True,79,113331514,pos5
6933042461,2022-12-23 19:19:50,True,10,321580662,pos1
6933130748,2022-12-23 20:23:18,True,79,113331514,pos5
6939678647,2022-12-27 17:00:05,False,29,302214028,pos3
6939786209,2022-12-27 18:07:41,True,100,106305042,pos2
6939880296,2022-12-27 19:12:45,True,3,113331514,pos5
6941336182,2022-12-28 17:27:12,True,70,321580662,pos1
6941443482,2022-12-28 18:40:46,True,15,302214028,pos3
6942835794,2022-12-29 16:04:06,True,9,256156323,pos4
6942951565,2022-12-29 17:23:45,False,51,113331514,pos5
6943072457,2022-12-29 18:39:37,True,19,256156323,pos4
6943169122,2022-12-29 19:51:53,False,128,256156323,pos4
6943260616,2022-12-29 21:08:24,False,129,302214028,pos3
7012068660,2023-02-11 12:00:17,False,81,321580662,pos1
7012191718,2023-02-11 13:13:46,True,53,321580662,pos1
7012322848,2023-02-11 14:25:07,True,35,321580662,pos1
7014241432,2023-02-12 15:29:35,False,32,256156323,pos4
7014362593,2023-02-12 16:45:06,True,97,302214028,pos3
7014462110,2023-02-12 17:48:07,False,128,256156323,pos4
7015268490,2023-02-13 11:01:16,True,129,302214028,pos3
7015362525,2023-02-13 12:21:06,False,85,113331514,pos5
7015478177,2023-02-13 13:34:03,True,58,113331514,pos5
7016058511,2023-02-13 20:32:04,False,53,302214028,pos3
7016123692,2023-02-13 21:48:21,True,32,256156323,pos4
7016168651,2023-02-13 22:55:03,True,43,302214028,pos3
7016717985,2023-02-14 12:04:10,True,17,106305042,pos2
7016845182,2023-02-14 13:40:25,True,97,302214028,pos3
7017067418,2023-02-14 16:00:29,False,120,106305042,pos2
7017204864,2023-02-14 17:39:13,False,83,113331514,pos5
7017313311,2023-02-14 19:10:13,True,17,106305042,pos2
7017382205,2023-02-14 20:22:05,True,128,106305042,pos2
7017425147,2023-02-14 21:12:20,False,11,321580662,pos1
7099579762,2023-04-09 12:28:11,True,137,302214028,pos3
7099683300,2023-04-09 13:33:07,True,100,113331514,pos5
7100109847,2023-04-09 17:53:01,False,9,113331514,pos5
7100205322,2023-04-09 19:06:02,False,128,106305042,pos2
7101018664,2023-04-10 12:25:01,True,31,113331514,pos5
7101136299,2023-04-10 13:42:21,True,13,106305042,pos2
7101482361,2023-04-10 17:26:24,True,91,256156323,pos4
7101555525,2023-04-10 18:27:05,False,23,106305042,pos2
7102400334,2023-04-11 12:25:17,True,19,106305042,pos2
7102489413,2023-04-11 13:23:11,False,43,302214028,pos3
7102892342,2023-04-11 17:46:01,False,65,106305042,pos2
7102991914,2023-04-11 19:03:03,True,9,256156323,pos4
7103785428,2023-04-12 12:35:36,False,19,106305042,pos2
7103908079,2023-04-12 13:52:01,True,85,113331514,pos5
7105271070,2023-04-13 13:43:17,False,111,113331514,pos5
7105440338,2023-04-13 15:22:05,False,7,302214028,pos3
7195522342,2023-06-11 09:57:35,True,29,302214028,pos3
7195637535,2023-06-11 11:21:21,False,106,106305042,pos2
7195990034,2023-06-11 15:23:30,True,86,256156323,pos4
7196096754,2023-06-11 16:24:14,False,58,113331514,pos5
7196985000,2023-06-12 09:55:01,True,109,321580662,pos1
7197038591,2023-06-12 10:50:00,False,4,302214028,pos3
7197402650,2023-06-12 15:08:01,False,58,113331514,pos5
7197508252,2023-06-12 16:16:00,True,31,113331514,pos5
7198344928,2023-06-13 09:55:01,False,38,302214028,pos3
7198433194,2023-06-13 11:31:02,True,38,302214028,pos3
7198760061,2023-06-13 15:27:15,False,31,113331514,pos5
7198866748,2023-06-13 16:33:06,True,38,302214028,pos3
7199658825,2023-06-14 09:55:19,True,41,321580662,pos1
7199730427,2023-06-14 11:19:06,True,31,113331514,pos5
7202551081,2023-06-16 13:38:59,False,93,321580662,pos1
7202668444,2023-06-16 14:49:01,False,75,113331514,pos5
7203693128,2023-06-17 08:57:41,False,106,106305042,pos2
7203767882,2023-06-17 10:07:06,True,79,256156323,pos4
7203895921,2023-06-17 11:52:04,True,93,321580662,pos1
7205240824,2023-06-18 08:56:49,False,105,256156323,pos4
7205315055,2023-06-18 10:04:03,False,9,302214028,pos3
7207181328,2023-06-19 15:55:09,False,61,302214028,pos3
7207270852,2023-06-19 17:09:25,False,2,302214028,pos3
7208781888,2023-06-20 19:46:59,True,86,256156323,pos4
7208854507,2023-06-20 21:03:01,True,26,113331514,pos5
7210147383,2023-06-21 20:06:06,True,87,113331514,pos5
7210193343,2023-06-21 20:59:15,True,105,256156323,pos4
7210923542,2023-06-22 12:28:02,False,86,256156323,pos4
7211047822,2023-06-22 14:04:01,False,17,106305042,pos2
7250537167,2023-07-21 09:00:01,False,103,113331514,pos5
7250606256,2023-07-21 10:26:00,True,112,113331514,pos5
7250936095,2023-07-21 14:53:01,False,114,321580662,pos1
7251044822,2023-07-21 16:10:01,True,13,106305042,pos2
7251929921,2023-07-22 09:00:01,False,39,106305042,pos2
7251995865,2023-07-22 10:10:01,False,111,113331514,pos5
7252370103,2023-07-22 14:56:52,True,38,302214028,pos3
7252532245,2023-07-22 16:34:04,True,41,321580662,pos1
7253411133,2023-07-23 09:00:02,True,19,256156323,pos4
7253504806,2023-07-23 10:16:09,False,29,302214028,pos3
7253840344,2023-07-23 14:27:03,True,17,106305042,pos2
7253931818,2023-07-23 15:22:01,True,98,302214028,pos3
7254792846,2023-07-24 09:00:01,False,68,113331514,pos5
7254853209,2023-07-24 10:14:01,True,109,321580662,pos1
7256657251,2023-07-25 16:53:15,True,99,321580662,pos1
7256735202,2023-07-25 18:04:02,True,89,321580662,pos1
7259277705,2023-07-27 17:07:44,True,21,106305042,pos2
7259371344,2023-07-27 18:21:04,False,75,113331514,pos5
7259457478,2023-07-27 19:38:33,True,58,113331514,pos5
7340878473,2023-09-18 12:48:57,True,20,113331514,pos5
7340998716,2023-09-18 14:01:39,True,23,106305042,pos2
7341386014,2023-09-18 17:55:42,False,68,113331514,pos5
7341497196,2023-09-18 19:27:00,True,44,321580662,pos1
7342275176,2023-09-19 12:39:53,True,23,106305042,pos2
7342392997,2023-09-19 13:50:03,True,58,113331514,pos5
7342759757,2023-09-19 17:27:39,True,60,302214028,pos3
7342892396,2023-09-19 19:11:03,True,119,256156323,pos4
7343661504,2023-09-20 12:32:30,True,44,321580662,pos1
7343823708,2023-09-20 14:07:03,True,50,106305042,pos2
7345517322,2023-09-21 17:14:04,True,37,113331514,pos5
7345632098,2023-09-21 18:36:05,True,96,302214028,pos3
7348286161,2023-09-23 13:34:04,True,110,113331514,pos5
7348416028,2023-09-23 14:37:01,False,69,302214028,pos3
7348581553,2023-09-23 15:48:00,True,38,302214028,pos3
7350256732,2023-09-24 14:18:00,True,12,321580662,pos1
7350448037,2023-09-24 15:58:01,True,29,302214028,pos3
7350558475,2023-09-24 17:09:00,True,101,256156323,pos4
